{
  "id": "5049927",
  "name": "no name",
  "font_family": "iconfont",
  "css_prefix_text": "icon-",
  "description": "",
  "glyphs": [
    {
      "icon_id": "1718321",
      "name": "返回",
      "font_class": "fanhui",
      "unicode": "e601",
      "unicode_decimal": 58881
    },
    {
      "icon_id": "1718323",
      "name": "更多",
      "font_class": "gengduo",
      "unicode": "e603",
      "unicode_decimal": 58883
    },
    {
      "icon_id": "15838460",
      "name": "direction-right",
      "font_class": "direction-right",
      "unicode": "e66c",
      "unicode_decimal": 58988
    },
    {
      "icon_id": "15838463",
      "name": "direction-left",
      "font_class": "direction-left",
      "unicode": "e66d",
      "unicode_decimal": 58989
    },
    {
      "icon_id": "1360",
      "name": "新浪微博",
      "font_class": "xinlangweibo",
      "unicode": "e600",
      "unicode_decimal": 58880
    },
    {
      "icon_id": "586761",
      "name": "arrow-right-o",
      "font_class": "arrowrighto",
      "unicode": "e6ac",
      "unicode_decimal": 59052
    },
    {
      "icon_id": "1304892",
      "name": "右箭头",
      "font_class": "youjiantou",
      "unicode": "e624",
      "unicode_decimal": 58916
    },
    {
      "icon_id": "2742672",
      "name": "微信",
      "font_class": "weixin",
      "unicode": "e67b",
      "unicode_decimal": 59003
    },
    {
      "icon_id": "9028712",
      "name": "下拉",
      "font_class": "xiala",
      "unicode": "e615",
      "unicode_decimal": 58901
    },
    {
      "icon_id": "12754195",
      "name": "右箭头",
      "font_class": "youjiantou_huaban",
      "unicode": "e63e",
      "unicode_decimal": 58942
    },
    {
      "icon_id": "15346607",
      "name": "下拉",
      "font_class": "xiala1",
      "unicode": "e6aa",
      "unicode_decimal": 59050
    },
    {
      "icon_id": "17830630",
      "name": "搜索",
      "font_class": "sousuo",
      "unicode": "e602",
      "unicode_decimal": 58882
    },
    {
      "icon_id": "39248992",
      "name": "bilibili-line",
      "font_class": "bilibili-line",
      "unicode": "ea96",
      "unicode_decimal": 60054
    }
  ]
}
